GivenName,Surname,StreetAddress,PostalCode,Birthday,City,Title,EmpID,Loggon,Phone
Nadine,Söderberg,Centralvägen 1,123 45,7/26/1966,Stockholm,Konsult,2,NaSo2,0707121001
Annie,Hedlund,Centralvägen 1,123 45,11/1/1979,Stockholm,Konsult,3,AnHe3,0707121002
Alec,Lundqvist,Centralvägen 1,123 45,11/14/1978,Stockholm,Konsult,4,AlLu4,0707121003
Edwin,Åkesson,Centralvägen 1,123 45,1/22/1968,Stockholm,Konsult,5,Edak5,0707121004
Nellie,Nilsson,Centralvägen 1,123 45,6/17/1960,Stockholm,Konsult,6,NeNi6,0707121005
Mahmoud,Larsson,Centralvägen 1,123 45,1/10/1993,Stockholm,Konsult,7,MaLa7,0707121006
Milla,Petersson,Centralvägen 1,123 45,4/16/1977,Stockholm,Konsult,8,MiPe8,0707121007
Malte,Nilsson,Centralvägen 1,123 45,4/6/1995,Stockholm,Konsult,9,MaNi9,0707121008
Edwin,Nyström,Centralvägen 1,123 45,4/22/1993,Stockholm,Chef,10,EdNy10,0707121009
Annika,Blom,Centralvägen 1,123 45,6/21/1996,Stockholm,Konsult,11,AnBl11,0707121010
Maryam,Olofsson,Centralvägen 1,123 45,5/9/1971,Stockholm,Konsult,12,MaOl12,0707121011
Sonia,Svensson,Centralvägen 1,123 45,1/9/1967,Stockholm,Vaktis,13,SoSv13,0707121012
Nicole,Fransson,Centralvägen 1,123 45,5/5/1994,Stockholm,Seniorkonsult,14,NiFr14,0707121013
Vilma,Berg,Centralvägen 1,123 45,12/15/1989,Stockholm,Seniorkonsult,15,ViBe15,0707121014
Axel,Björk,Centralvägen 1,123 45,7/28/1986,Stockholm,Seniorkonsult,16,AxBj16,0707121015
Nadin,Danielsson,Centralvägen 1,123 45,6/23/1994,Stockholm,Seniorkonsult,17,NaDa17,0707121016
Simone,Strömberg,Centralvägen 1,123 45,12/7/1984,Stockholm,Ledning,18,SiSt18,0707121017
Tina,Forsberg,Centralvägen 1,123 45,2/4/1997,Stockholm,Seniorkonsult,19,TiFo19,0707121018
Joline,Eriksson,Centralvägen 1,123 45,3/19/1977,Stockholm,Ledning,20,JoEr20,0707121019
Whilma,Engström,Centralvägen 1,123 45,2/27/1954,Stockholm,Seniorkonsult,21,WhEn21,0707121020
Enya,Nilsson,Centralvägen 1,123 45,8/18/1962,Stockholm,Ledning,22,EnNi22,0707121021
Jonah,Lund,Centralvägen 1,123 45,4/26/1996,Stockholm,Säljare,23,JoLu23,0707121022
Samuel,Blomqvist,Centralvägen 1,123 45,10/25/1975,Stockholm,Säljare,24,SaBl24,0707121023
Hjalmar,Sundberg,Centralvägen 1,123 45,4/25/1957,Stockholm,Säljare,25,HjSu25,0707121024
Filip,Berglund,Centralvägen 1,123 45,1/29/1960,Stockholm,Säljare,26,FiBe26,0707121025
Malou,Berggren,Centralvägen 1,123 45,10/11/1971,Stockholm,Säljare,27,MaBe27,0707121026
Tina,Berg,Centralvägen 1,123 45,12/11/1984,Stockholm,Säljare,28,TiBe28,0707121027
George,Gustavsson,Centralvägen 1,123 45,8/1/1964,Stockholm,Säljare,29,GeGu29,0707121028
Viking,Sandström,Centralvägen 1,123 45,1/3/1988,Stockholm,Säljare,30,ViSa30,0707121029
Angelica,Svensson,Centralvägen 1,123 45,10/29/1967,Stockholm,Säljare,31,AnSv31,0707121030
Lorin,Hansson,Centralvägen 1,123 45,3/19/1986,Stockholm,Säljare,32,LoHa32,0707121031
Theodor,Göransson,Centralvägen 1,123 45,3/14/1988,Stockholm,Konsult,33,ThGö33,0707121032
Ella,Eriksson,Centralvägen 1,123 45,10/10/1968,Stockholm,Konsult,34,ElEr34,0707121033
Arian,Björklund,Centralvägen 1,123 45,6/24/1968,Stockholm,Konsult,35,ArBj35,0707121034
Nemo,Johansson,Centralvägen 1,123 45,1/17/1965,Stockholm,Konsult,36,NeJo36,0707121035
Jamie,Löfgren,Centralvägen 1,123 45,5/10/1979,Stockholm,Konsult,37,JaLö37,0707121036
Angelina,Lundgren,Centralvägen 1,123 45,4/21/1988,Stockholm,Konsult,38,AnLu38,0707121037
Agust,Gustavsson,Centralvägen 1,123 45,8/6/1987,Stockholm,Konsult,39,AgGu39,0707121038
Alessandro,Carlsson,Centralvägen 1,123 45,9/27/1994,Stockholm,Konsult,40,AlCa40,0707121039
Manfred,Hellström,Centralvägen 1,123 45,12/21/1969,Stockholm,Konsult,41,MaHe41,0707121040
Yousef,Johnsson,Centralvägen 1,123 45,7/30/1984,Stockholm,Konsult,42,YoJo42,0707121041
Tua,Gunnarsson,Centralvägen 1,123 45,9/2/1953,Stockholm,Konsult,43,TuGu43,0707121042
Erica,Berggren,Centralvägen 1,123 45,3/7/1999,Stockholm,Konsult,44,ErBe44,0707121043
Josefin,Fredriksson,Centralvägen 1,123 45,4/18/1983,Stockholm,Konsult,45,JoFr45,0707121044
Jacqueline,Martinsson,Centralvägen 1,123 45,12/18/1978,Stockholm,Konsult,46,JaMa46,0707121045
Andi,Dahlberg,Centralvägen 1,123 45,3/20/1989,Stockholm,Konsult,47,AnDa47,0707121046
Amer,Jonasson,Centralvägen 1,123 45,8/5/1967,Stockholm,Konsult,48,AmJo48,0707121047
Mia,Hansson,Centralvägen 1,123 45,3/14/1964,Stockholm,Konsult,49,MiHa49,0707121048
Nikolaj,Göransson,Centralvägen 1,123 45,6/11/1963,Stockholm,Konsult,50,NiGö50,0707121049
Youssef,Karlsson,Centralvägen 1,123 45,5/4/1966,Stockholm,Konsult,51,YoKa51,0707121050
Nikki,Nyström,Centralvägen 1,123 45,12/21/1982,Stockholm,Seniorkonsult,52,NiNy52,0707121051
Jordan,Blomqvist,Centralvägen 1,123 45,12/3/1962,Stockholm,Seniorkonsult,53,JoBl53,0707121052
Marwa,Söderström,Centralvägen 1,123 45,10/31/1958,Stockholm,Konsult,54,MaSö54,0707121053
Ronja,Sandberg,Centralvägen 1,123 45,1/11/1972,Stockholm,Konsult,55,RoSa55,0707121054
Jasmina,Blomqvist,Centralvägen 1,123 45,3/24/1979,Stockholm,Konsult,56,JaBl56,0707121055
Danial,Björklund,Centralvägen 1,123 45,11/24/1969,Stockholm,Konsult,57,DaBj57,0707121056
Maximus,Strömberg,Centralvägen 1,123 45,11/14/1994,Stockholm,Konsult,58,MaSt58,0707121057
Jamie,Andreasson,Centralvägen 1,123 45,5/8/1970,Stockholm,Konsult,59,JaAn59,0707121058
Edit,Nordström,Centralvägen 1,123 45,9/2/1994,Stockholm,Konsult,60,EdNo60,0707121059
Love,Björk,Centralvägen 1,123 45,10/12/1983,Stockholm,Konsult,61,LoBj61,0707121060
Liam,Pettersson,Centralvägen 1,123 45,10/5/1968,Stockholm,Konsult,62,LiPe62,0707121061
Amina,Strömberg,Centralvägen 1,123 45,3/4/1982,Stockholm,Konsult,63,AmSt63,0707121062
Milad,Holm,Centralvägen 1,123 45,2/14/1999,Malmö,Konsult,64,MiHo64,0707121063
Izak,Andreasson,Centralvägen 1,123 45,6/7/1996,Malmö,Konsult,65,IzAn65,0707121064
Kelly,Åkesson,Centralvägen 1,123 45,5/5/1985,Malmö,Konsult,66,Keak66,0707121065
Timmy,Johnsson,Centralvägen 1,123 45,11/25/1991,Malmö,Konsult,67,TiJo67,0707121066
Michael,Hedlund,Centralvägen 1,123 45,5/7/1982,Malmö,Konsult,68,MiHe68,0707121067
Gustaf,Björklund,Centralvägen 1,123 45,2/18/1976,Malmö,Konsult,69,GuBj69,0707121068
Matthias,Olsson,Centralvägen 1,123 45,10/17/1988,Malmö,Konsult,70,MaOl70,0707121069
Petter,Öberg,Centralvägen 1,123 45,11/10/1990,Malmö,Konsult,71,PeÖb71,0707121070
Deborah,Nordström,Centralvägen 1,123 45,4/19/1999,Malmö,Konsult,72,DeNo72,0707121071
Kelly,Hedlund,Centralvägen 1,123 45,8/12/1957,Malmö,Konsult,73,KeHe73,0707121072
Idun,Karlsson,Centralvägen 1,123 45,2/28/1979,Malmö,Konsult,74,IdKa74,0707121073
Rafael,Persson,Centralvägen 1,123 45,8/21/1981,Malmö,Konsult,75,RaPe75,0707121074
Melvin,Söderberg,Centralvägen 1,123 45,10/12/1978,Malmö,Konsult,76,MeSö76,0707121075
Ayub,Lindström,Centralvägen 1,123 45,8/28/1956,Malmö,Konsult,77,AyLi77,0707121076
Leonardo,Norberg,Centralvägen 1,123 45,10/19/1998,Malmö,Seniorkonsult,78,LeNo78,0707121077
Jamie,Nyström,Centralvägen 1,123 45,1/15/1991,Malmö,Seniorkonsult,79,JaNy79,0707121078
Konrad,Lindqvist,Centralvägen 1,123 45,4/18/1963,Malmö,Seniorkonsult,80,KoLi80,0707121079
Kenan,Fransson,Centralvägen 1,123 45,2/7/1968,Malmö,Seniorkonsult,81,KeFr81,0707121080
Vilmer,Göransson,Centralvägen 1,123 45,1/29/1989,Malmö,Konsult,82,ViGö82,0707121081
Lizette,Sundström,Centralvägen 1,123 45,5/17/1995,Malmö,Konsult,83,LiSu83,0707121082
Mårten,Åkesson,Centralvägen 1,123 45,2/6/1959,Malmö,Konsult,84,Maak84,0707121083
Aldin,Eliasson,Centralvägen 1,123 45,5/29/1984,Malmö,Konsult,85,AlEl85,0707121084
Maximus,Bengtsson,Centralvägen 1,123 45,11/11/1996,Malmö,Konsult,86,MaBe86,0707121085
Marcel,Ekström,Centralvägen 1,123 45,4/29/1971,Malmö,Konsult,87,MaEk87,0707121086
Katja,Johansson,Centralvägen 1,123 45,11/3/1991,Malmö,Konsult,88,KaJo88,0707121087
Mustafa,Gustavsson,Centralvägen 1,123 45,12/31/1979,Malmö,Vaktis,89,MuGu89,0707121088
Luna,Ekström,Centralvägen 1,123 45,8/18/1974,Malmö,Ekonom,90,LuEk90,0707121089
Yahya,Sundström,Centralvägen 1,123 45,11/13/1990,Malmö,Ekonom,91,YaSu91,0707121090
Herman,Nyman,Centralvägen 1,123 45,11/9/1980,Malmö,Säljare,92,HeNy92,0707121091
Nils,Lindholm,Centralvägen 1,123 45,11/21/1981,Malmö,Säljare,93,NiLi93,0707121092
Caroline,Samuelsson,Centralvägen 1,123 45,5/23/1954,Malmö,Säljare,94,CaSa94,0707121093
Valentina,Johansson,Centralvägen 1,123 45,1/16/1982,Malmö,Säljare,95,VaJo95,0707121094
Hampus,Hedlund,Centralvägen 1,123 45,11/7/1972,Malmö,Säljare,96,HaHe96,0707121095
Zanna,Blom,Centralvägen 1,123 45,7/10/1956,Malmö,Säljare,97,ZaBl97,0707121096
Jerry,Nyberg,Centralvägen 1,123 45,1/17/1981,Malmö,Säljare,98,JeNy98,0707121097
Nikola,Forsberg,Centralvägen 1,123 45,1/27/1990,Malmö,Säljare,99,NiFo99,0707121098
Lydia,Forsberg,Centralvägen 1,123 45,3/31/1967,Malmö,Säljare,100,LyFo100,0707121099
Linnea,Björklund,Centralvägen 1,123 45,6/30/1998,Malmö,Säljare,101,LiBj101,0707121100
